,id,cluster
0,418,8
1,699,8
2,2364,0
3,2744,9
4,1573,8
5,2275,0
6,119,8
7,1096,3
8,1209,1
9,2274,0
10,539,6
11,77,3
12,1911,2
13,2526,0
14,1420,0
15,795,8
16,2270,4
17,1484,3
18,2035,0
19,1610,3
20,1354,1
21,2362,6
22,1105,8
23,1100,3
24,1079,1
25,514,4
26,2248,2
27,576,3
28,2574,5
29,2339,3
30,2672,9
31,1350,8
32,86,3
33,1645,6
34,2482,2
35,571,2
36,200,1
37,906,8
38,2370,5
39,2697,7
40,2749,5
41,842,0
42,2361,6
43,1344,3
44,1557,3
45,957,1
46,497,8
47,722,8
48,860,4
49,1724,5
50,813,0
51,2222,3
52,215,8
53,2027,6
54,959,6
55,1918,3
56,2613,5
57,2221,0
58,1055,3
59,1037,4
60,1318,3
61,1386,8
62,1334,1
63,358,2
64,701,4
65,140,8
66,2251,1
67,1442,4
68,401,3
69,439,3
70,2719,9
71,1101,3
72,1938,3
73,2457,6
74,1472,1
75,2303,3
76,779,8
77,2063,3
78,1266,0
79,2418,6
80,442,3
81,1205,8
82,2080,6
83,45,6
84,1728,7
85,23,6
86,1776,8
87,2497,0
88,1384,4
89,1915,8
90,2116,6
91,871,6
92,111,1
93,2053,3
94,1060,3
95,852,1
96,641,3
97,1646,5
98,1905,1
99,604,4
100,2322,7
101,1328,6
102,2088,4
103,299,8
104,2297,4
105,1756,3
106,2382,6
107,2736,9
108,973,7
109,1285,3
110,28,0
111,1813,7
112,1115,8
113,964,4
114,1026,6
115,1736,5
116,2657,0
117,108,2
118,1269,5
119,2085,4
120,685,4
121,2470,7
122,420,0
123,352,8
124,803,0
125,782,8
126,567,1
127,920,0
128,1363,4
129,710,3
130,1024,0
131,587,8
132,1123,3
133,1791,2
134,1848,5
135,2745,2
136,330,0
137,341,2
138,1453,5
139,2446,6
140,1054,3
141,937,0
142,1295,3
143,573,1
144,1879,2
145,1622,8
146,176,5
147,1157,8
148,611,6
149,1202,6
150,730,4
151,1139,3
152,2584,9
153,269,3
154,531,3
155,2014,8
156,1208,1
157,2473,6
158,1970,7
159,1626,7
160,1399,0
161,1046,6
162,868,9
163,2454,6
164,2505,6
165,2004,4
166,2387,2
167,1397,6
168,988,3
169,2225,6
170,379,8
171,483,1
172,1760,6
173,1141,6
174,1609,0
175,166,4
176,1904,3
177,191,0
178,2440,9
179,550,3
180,2299,6
181,1785,0
182,2488,4
183,2722,5
184,2349,6
185,399,6
186,1446,6
187,1842,6
188,1445,0
189,1307,3
190,850,6
191,1424,6
192,1547,6
193,2605,2
194,1577,1
195,1647,2
196,862,4
197,1800,4
198,2747,5
199,2443,4
200,2616,9
201,2167,6
202,861,5
203,535,8
204,2610,7
205,2508,9
206,2681,7
207,2409,7
208,1817,6
209,695,1
210,2414,5
211,676,2
212,322,7
213,2105,3
214,2609,5
215,1686,8
216,1049,3
217,314,6
218,2150,3
219,983,6
220,687,8
221,584,7
222,2569,0
223,912,2
224,1890,4
225,1427,6
226,318,6
227,1838,8
228,2130,4
229,121,3
230,919,8
231,421,6
232,1331,8
233,451,4
234,1986,5
235,59,0
236,814,6
237,1050,3
238,1805,3
239,1408,3
240,136,6
241,124,3
242,2184,5
243,1103,6
244,740,6
245,1795,6
246,2087,3
247,1891,4
248,2018,3
249,347,9
250,1031,8
251,2157,3
252,2103,6
253,638,5
254,362,3
255,1125,6
256,2389,3
257,1700,9
258,1393,8
259,139,1
260,145,4
261,859,3
262,2096,3
263,2376,2
264,291,6
265,2566,7
266,113,0
267,2602,7
268,1774,2
269,1753,2
270,955,4
271,353,8
272,1781,2
273,245,6
274,892,6
275,601,3
276,1595,7
277,1197,3
278,840,3
279,2070,2
280,281,6
281,198,4
282,161,6
283,915,3
284,1179,8
285,527,3
286,1033,0
287,1145,4
288,472,6
289,1809,9
290,2727,9
291,926,2
292,1755,6
293,1919,8
294,406,2
295,499,3
296,2293,6
297,1780,6
298,617,8
299,2730,9
300,1153,3
301,1739,4
302,1850,1
303,2434,9
304,2625,7
305,780,2
306,1063,5
307,2411,4
308,804,3
309,2125,3
310,1092,3
311,1917,2
312,253,6
313,503,1
314,987,8
315,1639,3
316,133,0
317,2172,8
318,636,4
319,2092,1
320,690,3
321,2347,1
322,1593,1
323,212,1
324,2335,3
325,1456,1
326,127,8
327,1812,9
328,927,4
329,398,6
330,1962,0
331,2218,0
332,143,8
333,939,1
334,1731,3
335,2669,0
336,674,5
337,1998,8
338,2551,0
339,403,6
340,979,3
341,1492,4
342,2737,5
343,2122,1
344,1849,6
345,427,9
346,667,8
347,395,1
348,1243,4
349,1429,6
350,901,4
351,1871,4
352,1291,8
353,1944,8
354,2068,4
355,226,6
356,302,5
357,1184,4
358,2250,5
359,189,1
360,1910,3
361,1669,6
362,1438,3
363,54,6
364,1713,3
365,1345,5
366,542,0
367,1279,9
368,2025,3
369,806,6
370,1020,9
371,1415,6
372,648,8
373,197,4
374,1374,8
375,2291,8
376,1810,8
377,963,4
378,2704,7
379,1832,0
380,1661,6
381,1245,4
382,677,0
383,1226,3
384,1036,5
385,2729,9
386,1597,3
387,2731,9
388,1907,1
389,1741,6
390,547,9
391,1811,8
392,1515,6
393,1477,3
394,1300,4
395,465,8
396,181,3
397,511,3
398,768,3
399,1330,1
400,2622,5
401,376,9
402,1028,8
403,2139,9
404,1897,3
405,2314,4
406,1797,3
407,1071,4
408,522,3
409,2317,2
410,546,0
411,986,2
412,1378,2
413,657,6
414,1953,8
415,1175,1
416,494,8
417,1272,6
418,1563,8
419,2285,2
420,392,1
421,903,3
422,1644,3
423,680,2
424,1407,0
425,1198,0
426,2223,8
427,2288,0
428,1714,1
429,2254,6
430,2573,9
431,951,6
432,2716,0
433,33,0
434,1199,0
435,908,8
436,1481,4
437,285,2
438,1398,5
439,1118,6
440,2207,4
441,1816,8
442,409,4
443,835,4
444,1572,3
445,1808,3
446,2550,7
447,2559,2
448,1235,8
449,2406,6
450,2290,3
451,894,3
452,1418,3
453,313,6
454,2252,3
455,72,0
456,1596,3
457,1094,5
458,2680,9
459,42,3
460,2379,3
461,1223,6
462,888,3
463,51,4
464,2373,2
465,478,6
466,150,8
467,2343,3
468,351,6
469,933,8
470,13,0
471,1830,6
472,2412,0
473,1528,3
474,0,3
475,2438,0
476,2042,6
477,1735,2
478,2104,1
479,459,8
480,2756,5
481,776,8
482,1487,4
483,2111,1
484,1058,4
485,2589,2
486,117,4
487,902,1
488,1520,3
489,271,3
490,394,8
491,1382,4
492,1251,8
493,1212,3
494,800,1
495,1954,3
496,1952,8
497,2107,8
498,523,3
499,1183,6
500,1502,8
501,1174,4
502,1162,3
503,2477,2
504,1224,8
505,1068,8
506,263,6
507,2645,2
508,1200,0
509,1828,3
510,976,5
511,1436,1
512,1665,3
513,720,8
514,2069,9
515,823,3
516,1090,0
517,727,5
518,2334,3
519,2114,8
520,736,8
521,1867,6
522,1945,0
523,540,1
524,180,6
525,153,3
526,863,3
527,1824,6
528,2623,5
529,1486,2
530,2547,9
531,2333,6
532,1296,2
533,1401,6
534,290,4
535,872,0
536,126,6
537,774,3
538,2517,0
539,882,5
540,2562,5
541,2557,0
542,953,6
543,1906,6
544,1333,6
545,778,8
546,155,6
547,1048,9
548,223,4
549,2044,8
550,278,3
551,1749,3
552,2718,5
553,1428,2
554,1091,1
555,109,6
556,79,4
557,1899,2
558,95,0
559,1947,6
560,1499,6
561,2576,7
562,2243,6
563,2579,7
564,1957,0
565,1770,1
566,224,3
567,1987,2
568,688,3
569,283,0
570,1734,3
571,974,5
572,590,0
573,2246,3
574,593,8
575,2163,8
576,488,8
577,2272,9
578,1943,3
579,1930,4
580,1826,1
581,616,7
582,2436,0
583,1752,7
584,244,8
585,38,1
586,2534,2
587,149,0
588,220,7
589,2286,0
590,1229,3
591,87,5
592,826,3
593,1181,8
594,2061,8
595,2705,7
596,1203,4
597,2007,3
598,513,1
599,1554,8
600,2542,9
601,689,3
602,1696,8
603,473,6
604,501,6
605,414,3
606,2079,3
607,875,4
608,2485,7
609,1029,6
610,1158,5
611,947,3
612,1188,4
613,1316,7
614,827,1
615,1663,6
616,2191,3
617,1592,4
618,380,8
619,767,0
620,509,3
621,2377,6
622,1255,3
623,1509,1
624,450,6
625,1670,3
626,1218,4
627,997,4
628,1460,8
629,102,4
630,151,2
631,1012,6
632,1932,3
633,1591,8
634,924,4
635,647,3
636,154,7
637,1699,3
638,1369,6
639,1450,3
640,367,3
641,1268,2
642,561,1
643,1081,1
644,1759,6
645,1668,3
646,2213,1
647,772,4
648,277,6
649,1535,9
650,2146,0
651,1701,0
652,431,3
653,2305,8
654,148,1
655,2601,7
656,485,2
657,662,6
658,1803,6
659,911,3
660,326,2
661,938,6
662,1467,8
663,407,1
664,1324,6
665,2190,8
666,2441,0
667,1321,8
668,1640,0
669,628,3
670,2425,8
671,1976,6
672,1863,3
673,885,4
674,1171,5
675,867,5
676,12,2
677,1877,6
678,2424,4
679,35,4
680,2388,6
681,16,4
682,2656,5
683,96,0
684,1355,6
685,221,5
686,949,3
687,1381,3
688,1,2
689,2141,8
690,507,3
691,1452,8
692,2189,5
693,1122,8
694,502,2
695,2284,8
696,1788,6
697,1463,8
698,2143,1
699,812,0
700,1271,1
701,443,3
702,1633,3
703,2219,3
704,1498,3
705,2012,0
706,1935,8
707,1526,8
708,2126,8
709,1710,2
710,2673,7
711,284,8
712,2240,9
713,907,1
714,1474,3
715,2211,8
716,1931,3
717,1815,6
718,2056,3
719,2000,6
720,1098,3
721,1629,3
722,985,6
723,2206,6
724,1176,8
725,2487,6
726,2545,9
727,1417,6
728,64,0
729,942,5
730,1737,3
731,412,3
732,893,0
733,1829,6
734,264,1
735,2709,7
736,738,3
737,2009,8
738,1648,3
739,917,9
740,1743,8
741,580,1
742,1517,8
743,2514,0
744,1766,0
745,1845,6
746,1612,3
747,1253,7
748,188,4
749,2572,7
750,1213,0
751,856,3
752,1133,4
753,1982,0
754,1989,9
755,158,4
756,2192,3
757,2279,6
758,1454,0
759,2140,4
760,1337,6
761,1379,3
762,2588,2
763,683,3
764,794,0
765,670,4
766,436,2
767,2396,0
768,1695,4
769,2484,0
770,2696,0
771,1124,8
772,2600,7
773,1000,8
774,1886,2
775,675,6
776,1282,8
777,2029,4
778,43,6
779,323,9
780,2465,9
781,49,8
782,2639,5
783,31,7
784,1884,6
785,2149,8
786,184,0
787,562,1
788,242,4
789,2169,2
790,2346,2
791,2155,3
792,2313,2
793,1541,5
794,1169,5
795,232,3
796,432,2
797,2439,9
798,2005,8
799,1402,1
800,1501,6
801,1073,8
802,645,8
803,1674,0
804,1353,3
805,2401,6
806,1317,8
807,718,3
808,1773,8
809,2320,3
810,1077,4
811,2244,6
812,864,3
813,1723,2
814,504,3
815,2670,7
816,92,5
817,1166,8
818,131,4
819,279,5
820,361,5
821,389,3
822,2164,8
823,1690,5
824,2556,7
825,2640,7
826,873,3
827,1001,3
828,993,1
829,1958,8
830,2394,6
831,1380,3
832,876,8
833,156,3
834,698,3
835,1447,6
836,115,3
837,1831,8
838,1132,2
839,897,3
840,798,4
841,597,3
842,2181,8
843,697,8
844,1451,1
845,1782,3
846,1757,8
847,909,5
848,2617,9
849,415,1
850,846,0
851,1681,6
852,1437,8
853,544,3
854,1594,6
855,694,3
856,1051,8
857,1277,8
858,1584,6
859,1708,0
860,728,5
861,2235,2
862,832,4
863,666,7
864,1613,6
865,157,8
866,1238,3
867,1671,6
868,2479,4
869,2356,0
870,1825,4
871,2689,7
872,839,3
873,492,3
874,2612,7
875,1075,4
876,1602,6
877,1358,3
878,905,6
879,2283,4
880,995,1
881,1865,4
882,333,8
883,2675,2
884,2499,2
885,2537,9
886,2200,0
887,2713,2
888,581,7
889,2624,2
890,2407,2
891,758,6
892,1628,3
893,643,4
894,316,8
895,1543,8
896,838,8
897,262,8
898,1909,1
899,1172,8
900,2580,2
901,785,8
902,1262,3
903,384,3
904,1834,6
905,1730,6
906,1580,5
907,2366,1
908,235,8
909,17,6
910,2165,8
911,355,3
912,1698,4
913,2471,7
914,1511,0
915,2748,5
916,1540,3
917,2359,3
918,2059,4
919,1801,8
920,2683,7
921,2153,6
922,2228,2
923,178,3
924,946,3
925,1653,3
926,2593,7
927,2392,1
928,34,6
929,828,3
930,799,2
931,2746,5
932,1159,8
933,1882,4
934,393,3
935,1527,0
936,526,4
937,213,6
938,471,2
939,1985,4
940,1130,8
941,1969,1
942,1214,2
943,388,6
944,1194,3
945,2245,3
946,1478,1
947,891,2
948,1161,4
949,1480,0
950,1777,7
951,2384,7
952,1303,3
953,160,5
954,935,6
955,219,2
956,1170,2
957,2166,3
958,2585,0
959,348,2
960,1371,3
961,2671,9
962,206,0
963,36,4
964,541,3
965,1219,3
966,818,4
967,1881,8
968,2575,5
969,1536,5
970,930,6
971,1126,3
972,1545,3
973,1643,5
974,952,2
975,1143,3
976,508,1
977,552,4
978,1783,0
979,607,4
980,2338,3
981,960,3
982,1191,6
983,183,4
984,1385,8
985,363,1
986,2058,6
987,1980,0
988,700,1
989,495,3
990,1352,6
991,2621,7
992,533,3
993,1466,3
994,461,2
995,2263,3
996,1772,6
997,945,6
998,2474,6
999,1365,6
1000,211,3
1001,2350,6
1002,600,8
1003,164,8
1004,2502,0
1005,7,4
1006,2341,6
1007,559,3
1008,2249,9
1009,1138,4
1010,25,2
1011,1109,5
1012,192,0
1013,2369,0
1014,2097,1
1015,1167,3
1016,2144,2
1017,811,3
1018,467,4
1019,1483,8
1020,1056,3
1021,422,3
1022,2408,6
1023,246,4
1024,1550,3
1025,932,3
1026,940,8
1027,416,5
1028,2021,5
1029,468,3
1030,1111,8
1031,2506,8
1032,1551,3
1033,548,1
1034,2202,4
1035,612,5
1036,1544,3
1037,829,8
1038,69,3
1039,2529,2
1040,297,8
1041,40,6
1042,2649,9
1043,1281,3
1044,280,1
1045,2217,4
1046,2294,0
1047,2614,9
1048,1097,9
1049,972,6
1050,2699,7
1051,2214,6
1052,1311,4
1053,603,8
1054,1912,8
1055,2229,8
1056,1149,6
1057,756,1
1058,679,8
1059,2177,8
1060,2106,4
1061,204,3
1062,2158,8
1063,274,7
1064,709,5
1065,1883,3
1066,265,2
1067,582,4
1068,256,6
1069,2688,9
1070,928,8
1071,759,3
1072,1510,3
1073,63,5
1074,1949,8
1075,618,0
1076,1533,3
1077,1822,4
1078,990,6
1079,162,8
1080,556,3
1081,1388,0
1082,2380,5
1083,1900,4
1084,1403,8
1085,319,3
1086,786,1
1087,336,4
1088,2381,6
1089,2074,2
1090,1082,3
1091,1789,4
1092,2038,1
1093,1519,1
1094,1085,0
1095,68,3
1096,1496,6
1097,564,6
1098,484,6
1099,2518,2
1100,2433,0
1101,489,6
1102,1373,1
1103,1771,6
1104,1394,4
1105,1652,8
1106,225,0
1107,2725,5
1108,2307,8
1109,2743,9
1110,1292,8
1111,118,3
1112,1853,4
1113,331,4
1114,481,4
1115,2459,4
1116,632,5
1117,1833,8
1118,2568,0
1119,836,0
1120,425,6
1121,2262,3
1122,18,1
1123,2390,4
1124,1422,2
1125,775,6
1126,446,5
1127,1846,3
1128,9,2
1129,553,9
1130,1513,3
1131,2131,1
1132,2582,5
1133,1632,6
1134,1732,6
1135,1206,3
1136,1227,2
1137,1603,6
1138,2430,6
1139,2732,9
1140,1027,3
1141,2595,2
1142,1857,8
1143,1220,5
1144,1518,6
1145,1569,6
1146,2631,0
1147,1546,8
1148,1302,1
1149,716,6
1150,1874,3
1151,2510,0
1152,320,8
1153,1719,6
1154,1016,6
1155,2519,0
1156,2489,0
1157,2455,6
1158,2494,2
1159,2241,8
1160,1372,0
1161,2422,6
1162,2386,6
1163,575,3
1164,820,8
1165,1383,1
1166,2176,4
1167,609,4
1168,773,3
1169,1530,4
1170,2472,4
1171,1534,3
1172,2259,6
1173,869,6
1174,137,1
1175,2448,2
1176,2734,9
1177,2197,8
1178,517,8
1179,1588,3
1180,1818,6
1181,1367,9
1182,498,6
1183,2531,0
1184,1011,3
1185,1764,1
1186,1565,1
1187,1070,8
1188,1473,6
1189,1131,6
1190,817,6
1191,733,8
1192,202,0
1193,2565,7
1194,2180,3
1195,1722,3
1196,1441,3
1197,138,8
1198,1678,0
1199,1684,4
1200,426,6
1201,1939,4
1202,1927,8
1203,238,1
1204,1687,8
1205,1083,4
1206,2043,0
1207,2375,6
1208,282,4
1209,851,3
1210,2129,1
1211,2567,2
1212,1173,1
1213,998,6
1214,2415,6
1215,1869,4
1216,335,3
1217,1413,8
1218,1616,4
1219,2539,0
1220,2051,3
1221,445,3
1222,203,6
1223,1087,2
1224,2721,2
1225,2033,8
1226,1997,4
1227,1506,3
1228,1177,6
1229,2278,2
1230,530,3
1231,558,2
1232,1258,6
1233,2452,0
1234,1693,9
1235,2039,2
1236,1995,3
1237,1996,8
1238,1587,1
1239,1261,5
1240,1990,8
1241,306,7
1242,900,8
1243,2544,9
1244,1862,6
1245,2708,2
1246,1979,8
1247,1448,0
1248,735,1
1249,2255,8
1250,1539,8
1251,2735,9
1252,505,6
1253,1611,9
1254,1489,3
1255,703,8
1256,621,1
1257,678,2
1258,1035,3
1259,639,3
1260,825,6
1261,1925,8
1262,2647,2
1263,216,3
1264,1370,1
1265,22,4
1266,100,1
1267,1924,3
1268,1038,5
1269,2552,7
1270,2336,4
1271,753,3
1272,411,2
1273,1233,6
1274,1326,2
1275,944,6
1276,80,0
1277,254,6
1278,364,3
1279,1287,3
1280,2555,8
1281,529,6
1282,2083,3
1283,1558,4
1284,106,8
1285,886,6
1286,2591,7
1287,1455,3
1288,98,4
1289,2210,2
1290,1532,1
1291,969,0
1292,464,3
1293,1676,5
1294,435,9
1295,2715,7
1296,2264,1
1297,747,8
1298,1064,8
1299,1851,2
1300,966,9
1301,1672,6
1302,1895,3
1303,802,6
1304,410,3
1305,252,3
1306,1495,1
1307,1761,3
1308,1893,0
1309,649,2
1310,1256,3
1311,1750,2
1312,789,1
1313,2540,2
1314,631,3
1315,2694,9
1316,589,2
1317,2331,3
1318,1659,9
1319,2081,3
1320,1248,6
1321,1908,5
1322,84,6
1323,1751,8
1324,1314,4
1325,1347,5
1326,943,4
1327,962,6
1328,980,8
1329,1589,6
1330,196,8
1331,734,8
1332,199,8
1333,635,1
1334,57,6
1335,429,9
1336,1991,8
1337,899,8
1338,961,0
1339,1021,1
1340,1062,0
1341,2533,2
1342,2522,0
1343,288,6
1344,2308,8
1345,1793,6
1346,2368,3
1347,1387,2
1348,2182,1
1349,2706,5
1350,784,8
1351,1948,6
1352,1799,1
1353,883,1
1354,480,0
1355,1902,2
1356,524,8
1357,167,6
1358,853,4
1359,1570,6
1360,1309,2
1361,2276,6
1362,2110,8
1363,293,6
1364,2733,9
1365,948,3
1366,193,9
1367,165,8
1368,1717,8
1369,2203,6
1370,2427,6
1371,833,6
1372,2238,8
1373,668,2
1374,2577,2
1375,1392,1
1376,585,0
1377,46,8
1378,884,5
1379,1787,8
1380,2498,0
1381,1490,3
1382,2674,9
1383,1916,2
1384,1400,3
1385,1655,9
1386,128,3
1387,2636,5
1388,1449,0
1389,1267,3
1390,89,1
1391,848,3
1392,757,3
1393,2257,3
1394,1040,3
1395,1794,6
1396,1637,3
1397,538,7
1398,39,6
1399,672,8
1400,4,8
1401,1650,6
1402,2064,3
1403,1155,8
1404,217,6
1405,301,3
1406,2032,4
1407,2383,0
1408,60,4
1409,2467,2
1410,1667,5
1411,141,0
1412,2137,5
1413,854,6
1414,2416,5
1415,97,3
1416,566,4
1417,691,3
1418,1880,1
1419,569,3
1420,815,6
1421,2363,7
1422,2527,4
1423,2371,8
1424,2034,3
1425,1458,6
1426,1922,2
1427,2156,2
1428,2198,8
1429,1765,0
1430,2289,3
1431,381,8
1432,1461,1
1433,1146,6
1434,1119,4
1435,1164,4
1436,543,4
1437,1786,1
1438,476,4
1439,2152,6
1440,357,3
1441,372,4
1442,258,3
1443,797,4
1444,2664,0
1445,651,1
1446,2123,8
1447,1043,4
1448,1102,2
1449,2509,4
1450,726,8
1451,630,0
1452,1885,4
1453,1341,3
1454,1840,3
1455,456,1
1456,2309,6
1457,605,0
1458,1582,2
1459,1430,2
1460,821,2
1461,2402,6
1462,231,0
1463,958,9
1464,1244,0
1465,2501,6
1466,1283,3
1467,2196,5
1468,2205,3
1469,1464,0
1470,1614,6
1471,2521,9
1472,458,6
1473,724,3
1474,2385,3
1475,1529,1
1476,981,9
1477,500,3
1478,2304,0
1479,2739,9
1480,807,6
1481,1578,3
1482,125,3
1483,1555,2
1484,346,6
1485,1682,1
1486,1469,3
1487,2532,0
1488,1522,3
1489,994,6
1490,73,8
1491,243,6
1492,837,6
1493,1426,6
1494,2124,6
1495,1019,7
1496,2644,2
1497,598,3
1498,865,4
1499,2023,6
1500,1507,0
1501,2298,6
1502,116,0
1503,1116,4
1504,791,6
1505,300,4
1506,2633,7
1507,91,3
1508,2461,4
1509,2403,2
1510,1804,8
1511,1521,6
1512,452,3
1513,340,5
1514,2599,7
1515,1758,0
1516,2511,9
1517,658,4
1518,877,2
1519,2312,0
1520,1156,3
1521,2352,3
1522,2646,7
1523,1704,8
1524,2554,2
1525,1117,3
1526,1898,8
1527,2151,6
1528,1901,4
1529,1462,4
1530,729,5
1531,1903,6
1532,1485,8
1533,2611,7
1534,1651,3
1535,130,1
1536,134,3
1537,2693,4
1538,1259,4
1539,32,6
1540,520,8
1541,1323,5
1542,975,1
1543,1152,7
1544,2145,6
1545,2261,4
1546,1654,3
1547,2277,3
1548,83,8
1549,545,2
1550,788,4
1551,615,1
1552,516,4
1553,185,0
1554,1887,8
1555,1836,3
1556,2127,3
1557,1974,6
1558,370,6
1559,1013,5
1560,2093,1
1561,190,3
1562,1889,5
1563,515,6
1564,1859,6
1565,171,2
1566,1340,0
1567,1168,2
1568,1870,4
1569,2183,3
1570,2212,1
1571,2594,7
1572,2078,4
1573,2147,3
1574,2597,5
1575,1106,8
1576,214,3
1577,1657,8
1578,2483,0
1579,2710,9
1580,1505,8
1581,650,1
1582,2702,5
1583,704,5
1584,260,1
1585,173,9
1586,44,8
1587,434,8
1588,239,4
1589,2215,6
1590,1847,2
1591,2132,5
1592,2265,6
1593,2486,6
1594,371,4
1595,1057,4
1596,2306,8
1597,2065,2
1598,745,0
1599,2302,4
1600,311,4
1601,809,6
1602,2226,4
1603,2008,3
1604,1988,6
1605,2195,9
1606,1921,4
1607,739,3
1608,2703,2
1609,1003,1
1610,1180,9
1611,78,3
1612,1084,8
1613,1491,2
1614,1260,6
1615,1876,3
1616,2120,3
1617,2367,8
1618,2618,2
1619,1649,4
1620,1247,8
1621,241,4
1622,1673,0
1623,354,5
1624,2354,6
1625,1658,4
1626,2480,6
1627,1022,1
1628,1007,3
1629,622,6
1630,887,3
1631,255,1
1632,655,9
1633,2135,9
1634,1165,3
1635,2421,1
1636,549,5
1637,396,1
1638,1531,4
1639,2,7
1640,1933,0
1641,2536,0
1642,841,3
1643,1599,3
1644,369,3
1645,858,2
1646,2538,0
1647,112,8
1648,249,3
1649,2050,6
1650,2728,5
1651,555,0
1652,619,8
1653,717,3
1654,1733,1
1655,2620,2
1656,2020,6
1657,2041,6
1658,1078,3
1659,53,3
1660,2449,0
1661,637,3
1662,898,8
1663,599,8
1664,2666,7
1665,58,8
1666,2186,3
1667,583,2
1668,1044,6
1669,653,2
1670,1349,8
1671,2118,7
1672,1339,0
1673,2187,2
1674,1926,5
1675,1254,8
1676,1414,4
1677,147,3
1678,2121,0
1679,2451,6
1680,771,3
1681,373,2
1682,2016,6
1683,2258,8
1684,2071,3
1685,2724,9
1686,2031,8
1687,1187,6
1688,737,6
1689,2654,7
1690,1104,3
1691,194,3
1692,725,0
1693,382,2
1694,1127,4
1695,922,3
1696,1583,7
1697,895,1
1698,1965,6
1699,1754,9
1700,1121,3
1701,1779,3
1702,1778,6
1703,2637,7
1704,88,6
1705,2344,1
1706,2712,7
1707,1120,2
1708,2273,8
1709,2323,3
1710,792,5
1711,1067,0
1712,2134,8
1713,572,5
1714,1434,2
1715,819,3
1716,1232,2
1717,1319,8
1718,1047,8
1719,1361,9
1720,673,8
1721,1136,2
1722,805,4
1723,1182,0
1724,1604,3
1725,777,6
1726,294,2
1727,2523,0
1728,2524,2
1729,518,8
1730,1129,8
1731,1391,3
1732,941,1
1733,2311,1
1734,1525,6
1735,1868,6
1736,272,9
1737,1493,6
1738,1479,5
1739,989,4
1740,2419,4
1741,2723,5
1742,1412,1
1743,1459,6
1744,1002,3
1745,2256,0
1746,510,3
1747,1792,0
1748,47,0
1749,661,0
1750,170,3
1751,749,3
1752,2453,0
1753,120,6
1754,41,8
1755,1542,2
1756,307,6
1757,2329,6
1758,1072,8
1759,101,2
1760,82,1
1761,1210,7
1762,2608,0
1763,1864,8
1764,1239,2
1765,1278,6
1766,1662,3
1767,849,8
1768,2413,6
1769,2659,5
1770,236,6
1771,2239,3
1772,870,2
1773,2280,9
1774,1042,2
1775,1488,3
1776,2423,9
1777,1419,6
1778,2496,6
1779,6,3
1780,591,1
1781,640,6
1782,1967,8
1783,2148,0
1784,2036,0
1785,2658,7
1786,644,6
1787,168,3
1788,1725,3
1789,462,9
1790,1624,6
1791,1325,6
1792,56,3
1793,1356,8
1794,1993,5
1795,525,0
1796,375,3
1797,1858,9
1798,430,3
1799,1590,8
1800,1494,1
1801,2596,7
1802,62,8
1803,537,8
1804,2360,1
1805,1423,6
1806,463,4
1807,904,1
1808,1482,8
1809,977,4
1810,574,2
1811,1108,2
1812,1186,8
1813,1257,3
1814,765,9
1815,1875,9
1816,1332,5
1817,692,3
1818,1706,0
1819,1080,1
1820,578,8
1821,762,4
1822,1059,3
1823,1457,4
1824,66,1
1825,2057,6
1826,732,0
1827,1086,8
1828,625,2
1829,1666,6
1830,763,3
1831,1516,3
1832,1366,0
1833,2429,6
1834,1854,8
1835,324,4
1836,588,6
1837,2171,2
1838,2022,3
1839,222,8
1840,257,6
1841,2607,0
1842,2178,8
1843,474,2
1844,1110,3
1845,74,6
1846,2661,7
1847,2233,8
1848,1523,3
1849,790,6
1850,748,3
1851,1823,1
1852,1410,2
1853,831,1
1854,2357,6
1855,2028,4
1856,750,3
1857,2530,0
1858,1973,2
1859,1301,3
1860,2091,2
1861,2055,1
1862,390,8
1863,857,3
1864,2548,0
1865,1160,4
1866,844,3
1867,2442,0
1868,633,6
1869,2332,6
1870,2687,7
1871,368,6
1872,103,3
1873,2391,8
1874,289,8
1875,1983,3
1876,2253,3
1877,2546,9
1878,796,2
1879,1784,2
1880,2410,4
1881,2075,4
1882,2606,7
1883,2188,8
1884,610,8
1885,2516,0
1886,2318,8
1887,847,8
1888,477,4
1889,312,6
1890,30,6
1891,163,0
1892,2643,7
1893,1560,3
1894,1767,2
1895,383,8
1896,2160,8
1897,534,0
1898,2113,8
1899,1729,8
1900,2742,2
1901,1357,8
1902,586,5
1903,808,0
1904,182,5
1905,1375,8
1906,2629,7
1907,487,3
1908,1368,1
1909,1225,5
1910,793,3
1911,642,4
1912,1293,8
1913,19,4
1914,570,0
1915,1971,4
1916,2199,6
1917,172,6
1918,1497,3
1919,595,8
1920,620,3
1921,26,7
1922,2583,2
1923,93,6
1924,1963,8
1925,921,3
1926,1276,3
1927,1571,5
1928,1240,3
1929,744,3
1930,2707,2
1931,2046,3
1932,2445,0
1933,2230,1
1934,24,0
1935,1433,0
1936,1564,3
1937,1512,1
1938,210,1
1939,2355,4
1940,646,5
1941,1718,2
1942,2006,8
1943,2432,2
1944,2060,2
1945,437,3
1946,2108,1
1947,2619,7
1948,1977,2
1949,304,6
1950,565,0
1951,1274,3
1952,741,8
1953,2512,4
1954,754,6
1955,2628,7
1956,2590,7
1957,460,2
1958,1273,8
1959,1140,1
1960,1703,2
1961,374,3
1962,85,0
1963,2679,7
1964,1041,2
1965,660,3
1966,2476,2
1967,1089,4
1968,1359,3
1969,2543,0
1970,2541,0
1971,1128,8
1972,440,3
1973,2067,1
1974,1855,2
1975,1683,4
1976,2592,7
1977,2456,0
1978,152,4
1979,1559,6
1980,325,4
1981,1762,7
1982,1065,6
1983,2662,7
1984,1709,5
1985,1196,2
1986,1721,1
1987,1231,3
1988,1435,8
1989,259,6
1990,1747,8
1991,1623,1
1992,2037,6
1993,2378,3
1994,2216,1
1995,317,3
1996,2066,4
1997,1727,8
1998,2328,3
1999,1406,3
2000,1322,1
2001,2095,8
2002,1566,5
2003,413,3
2004,1147,9
2005,2300,6
2006,1289,8
2007,144,4
2008,2242,6
2009,1192,3
2010,205,8
2011,268,3
2012,810,3
2013,405,0
2014,2345,3
2015,1061,3
2016,1431,4
2017,455,6
2018,1581,1
2019,417,3
2020,2267,4
2021,2268,3
2022,2492,0
2023,659,6
2024,308,2
2025,67,9
2026,528,3
2027,1746,6
2028,237,6
2029,2094,1
2030,1586,3
2031,1634,5
2032,179,6
2033,70,7
2034,1017,3
2035,2581,0
2036,1395,1
2037,71,8
2038,1440,2
2039,1425,6
2040,479,2
2041,2714,0
2042,1627,1
2043,592,0
2044,696,8
2045,1275,3
2046,1151,8
2047,671,8
2048,1807,2
2049,2468,7
2050,338,8
2051,1018,2
2052,2112,6
2053,1099,0
2054,1619,3
2055,2052,8
2056,2668,5
2057,1981,0
2058,1009,4
2059,1134,5
2060,910,4
2061,1641,3
2062,787,2
2063,2667,7
2064,2571,2
2065,248,8
2066,2464,0
2067,2301,3
2068,356,5
2069,107,3
2070,999,2
2071,275,4
2072,1230,5
2073,970,6
2074,159,6
2075,623,5
2076,1264,3
2077,2030,5
2078,448,8
2079,1992,6
2080,2271,6
2081,110,5
2082,1607,2
2083,1946,6
2084,1861,8
2085,2638,2
2086,1680,3
2087,2435,0
2088,1249,3
2089,1738,6
2090,1617,5
2091,783,6
2092,1348,8
2093,1748,7
2094,3,5
2095,2077,4
2096,1856,2
2097,2630,7
2098,2700,5
2099,90,9
2100,2247,8
2101,1567,6
2102,669,3
2103,1621,4
2104,1689,8
2105,624,6
2106,2420,0
2107,1837,0
2108,2024,2
2109,824,6
2110,2162,6
2111,327,8
2112,742,8
2113,1004,1
2114,433,1
2115,1745,8
2116,2048,1
2117,2626,7
2118,602,1
2119,142,7
2120,2558,2
2121,104,6
2122,1039,0
2123,490,3
2124,2437,0
2125,1605,4
2126,1999,1
2127,2231,4
2128,1556,7
2129,482,0
2130,627,8
2131,229,6
2132,1892,0
2133,2686,9
2134,866,6
2135,563,6
2136,230,4
2137,298,2
2138,1216,2
2139,1150,3
2140,1217,6
2141,250,3
2142,1878,1
2143,195,8
2144,2296,8
2145,2462,2
2146,1343,4
2147,2495,5
2148,1112,1
2149,94,1
2150,1476,6
2151,568,3
2152,1504,3
2153,770,3
2154,11,9
2155,978,6
2156,1664,6
2157,1705,2
2158,99,6
2159,1711,3
2160,918,4
2161,1215,7
2162,723,3
2163,2342,8
2164,1376,1
2165,1685,8
2166,2444,4
2167,2682,7
2168,746,3
2169,1416,0
2170,551,8
2171,1720,4
2172,2615,7
2173,760,5
2174,2570,5
2175,2598,9
2176,1095,3
2177,496,3
2178,2136,2
2179,2405,6
2180,577,0
2181,1023,8
2182,1312,4
2183,2450,9
2184,50,8
2185,1190,4
2186,2466,0
2187,992,8
2188,1638,6
2189,880,0
2190,1315,1
2191,982,3
2192,1677,0
2193,2133,4
2194,2650,0
2195,2282,0
2196,1032,4
2197,321,8
2198,1936,3
2199,874,3
2200,1775,6
2201,55,3
2202,971,6
2203,652,2
2204,1107,8
2205,1204,1
2206,2102,3
2207,328,7
2208,441,0
2209,344,6
2210,1390,2
2211,2692,7
2212,2090,8
2213,273,5
2214,186,2
2215,1975,6
2216,2655,2
2217,512,3
2218,2086,6
2219,2281,4
2220,2507,2
2221,665,3
2222,295,3
2223,444,1
2224,1421,6
2225,654,4
2226,2154,7
2227,303,6
2228,2072,2
2229,1241,3
2230,708,2
2231,76,6
2232,2395,8
2233,2428,0
2234,1835,0
2235,315,3
2236,377,8
2237,1941,1
2238,1305,8
2239,1561,1
2240,402,2
2241,2224,4
2242,521,8
2243,454,6
2244,1297,4
2245,1503,9
2246,1598,3
2247,169,3
2248,1154,6
2249,201,6
2250,2084,3
2251,419,8
2252,1015,3
2253,1692,9
2254,1250,0
2255,881,4
2256,956,3
2257,2711,9
2258,711,3
2259,2469,6
2260,2348,4
2261,2049,2
2262,1514,0
2263,470,8
2264,2690,4
2265,2159,8
2266,2295,6
2267,2648,0
2268,240,3
2269,247,3
2270,1137,6
2271,2010,3
2272,2493,0
2273,1193,6
2274,177,3
2275,2115,4
2276,15,6
2277,1615,3
2278,1237,6
2279,2013,0
2280,397,0
2281,366,4
2282,1873,0
2283,889,0
2284,1606,8
2285,1432,4
2286,228,8
2287,766,6
2288,2685,0
2289,1500,4
2290,2720,2
2291,2678,7
2292,845,3
2293,2642,2
2294,613,3
2295,714,4
2296,400,3
2297,2220,3
2298,2447,0
2299,2292,3
2300,1763,5
2301,2398,6
2302,2475,6
2303,1338,8
2304,218,6
2305,1562,3
2306,423,3
2307,751,3
2308,1222,6
2309,2082,3
2310,20,2
2311,2374,6
2312,715,8
2313,2503,6
2314,52,1
2315,1389,2
2316,2073,4
2317,1351,5
2318,2663,0
2319,984,7
2320,1471,3
2321,208,3
2322,2194,7
2323,1697,2
2324,1185,8
2325,1642,3
2326,1076,8
2327,755,8
2328,2701,7
2329,1959,4
2330,1790,6
2331,1364,6
2332,968,6
2333,594,6
2334,2316,7
2335,1336,6
2336,2287,1
2337,1625,2
2338,1006,9
2339,1468,4
2340,1802,6
2341,424,3
2342,75,3
2343,2535,0
2344,1894,2
2345,2400,4
2346,560,2
2347,1298,1
2348,1575,3
2349,227,8
2350,276,0
2351,2460,4
2352,2045,2
2353,1679,0
2354,1310,6
2355,1280,5
2356,1814,6
2357,2641,7
2358,1951,6
2359,1360,9
2360,923,3
2361,2117,6
2362,292,1
2363,453,8
2364,1600,0
2365,2236,0
2366,187,4
2367,2627,0
2368,822,1
2369,1409,7
2370,1966,6
2371,1961,6
2372,2698,5
2373,2326,3
2374,343,6
2375,830,6
2376,2635,4
2377,855,0
2378,2260,0
2379,554,8
2380,1768,8
2381,707,0
2382,1726,1
2383,1329,3
2384,2393,3
2385,2089,4
2386,2119,2
2387,967,6
2388,1968,3
2389,1928,5
2390,2173,8
2391,1327,6
2392,2327,9
2393,606,3
2394,816,3
2395,2695,9
2396,337,6
2397,21,5
2398,2358,3
2399,764,1
2400,2227,3
2401,207,8
2402,1956,9
2403,1014,9
2404,664,0
2405,1866,1
2406,360,5
2407,834,3
2408,702,2
2409,2321,8
2410,2563,2
2411,1601,5
2412,1234,3
2413,1984,5
2414,2677,7
2415,491,6
2416,2098,4
2417,1411,1
2418,1937,1
2419,890,9
2420,209,9
2421,1844,5
2422,2351,3
2423,1636,1
2424,1942,3
2425,2564,4
2426,950,6
2427,305,4
2428,2549,2
2429,681,8
2430,1934,6
2431,2269,1
2432,914,6
2433,2109,0
2434,1335,2
2435,132,3
2436,378,3
2437,466,5
2438,2019,0
2439,251,3
2440,1618,0
2441,929,9
2442,1030,2
2443,1585,0
2444,916,6
2445,1620,8
2446,122,8
2447,506,8
2448,286,0
2449,2634,9
2450,475,3
2451,2232,3
2452,2325,1
2453,752,6
2454,438,2
2455,1088,3
2456,469,4
2457,656,6
2458,1178,6
2459,2586,4
2460,287,0
2461,1034,0
2462,1290,3
2463,1675,7
2464,801,2
2465,408,1
2466,1286,7
2467,37,4
2468,1195,2
2469,1362,3
2470,1320,6
2471,2553,7
2472,2017,3
2473,1010,6
2474,342,6
2475,1114,4
2476,1069,6
2477,1201,1
2478,936,4
2479,10,4
2480,1163,6
2481,686,3
2482,1299,0
2483,761,1
2484,1929,6
2485,2168,6
2486,713,4
2487,2101,3
2488,2185,6
2489,629,6
2490,1284,6
2491,1964,8
2492,2340,6
2493,449,6
2494,1950,3
2495,2481,4
2496,1228,1
2497,2015,3
2498,174,3
2499,1913,3
2500,1304,4
2501,270,3
2502,2463,0
2503,2478,6
2504,1405,4
2505,991,0
2506,781,3
2507,712,7
2508,634,3
2509,1439,7
2510,2717,9
2511,1135,5
2512,27,6
2513,1537,3
2514,1798,6
2515,934,8
2516,721,2
2517,1608,9
2518,954,8
2519,1568,9
2520,1852,6
2521,2504,5
2522,329,3
2523,743,2
2524,404,4
2525,1270,5
2526,2193,8
2527,1940,8
2528,706,4
2529,2632,4
2530,931,6
2531,2011,8
2532,2684,7
2533,1346,8
2534,175,8
2535,1308,1
2536,1707,2
2537,29,4
2538,2266,2
2539,1538,3
2540,579,1
2541,2676,2
2542,2179,3
2543,1377,3
2544,2234,8
2545,1553,3
2546,2651,7
2547,1313,4
2548,2047,3
2549,1093,8
2550,2201,4
2551,1396,4
2552,2513,7
2553,1404,3
2554,1252,8
2555,1920,3
2556,1660,1
2557,5,9
2558,878,4
2559,1978,8
2560,14,1
2561,2076,3
2562,48,0
2563,1576,1
2564,693,3
2565,2404,3
2566,1843,9
2567,81,7
2568,1074,4
2569,1896,9
2570,2310,3
2571,2324,3
2572,532,1
2573,1045,1
2574,519,9
2575,1342,6
2576,2175,6
2577,345,2
2578,2054,3
2579,365,3
2580,334,6
2581,705,3
2582,1688,8
2583,1579,6
2584,350,8
2585,1656,4
2586,1475,0
2587,2142,6
2588,261,6
2589,129,3
2590,1796,8
2591,309,6
2592,2170,8
2593,234,6
2594,1444,0
2595,1742,8
2596,1025,4
2597,387,1
2598,1715,3
2599,1552,6
2600,2528,0
2601,1008,3
2602,2161,1
2603,2026,2
2604,996,6
2605,2587,2
2606,1144,6
2607,123,5
2608,2399,3
2609,2515,2
2610,105,8
2611,1306,6
2612,2099,6
2613,2603,7
2614,1635,6
2615,682,8
2616,114,3
2617,385,8
2618,1549,0
2619,1994,5
2620,2062,8
2621,1470,3
2622,596,3
2623,1052,8
2624,1066,8
2625,296,8
2626,2319,8
2627,386,4
2628,1740,3
2629,2002,5
2630,1827,6
2631,1221,6
2632,2209,1
2633,1806,2
2634,2417,2
2635,2500,4
2636,2652,7
2637,1548,3
2638,339,3
2639,1914,2
2640,1769,6
2641,2397,4
2642,2353,4
2643,2426,0
2644,2204,8
2645,663,4
2646,1263,3
2647,1574,4
2648,1744,6
2649,2003,8
2650,2001,2
2651,769,3
2652,359,4
2653,1236,0
2654,233,6
2655,493,5
2656,2691,9
2657,2040,7
2658,2660,9
2659,1955,3
2660,684,5
2661,1839,8
2662,2525,2
2663,1923,6
2664,1694,6
2665,2208,6
2666,2561,7
2667,1972,3
2668,8,5
2669,1443,2
2670,1207,8
2671,2560,7
2672,486,4
2673,1820,8
2674,428,8
2675,1005,0
2676,1242,2
2677,1053,5
2678,2174,9
2679,1841,9
2680,61,3
2681,1288,3
2682,457,5
2683,1465,5
2684,2520,0
2685,1113,4
2686,391,8
2687,1821,3
2688,614,1
2689,2604,4
2690,1631,8
2691,2431,6
2692,1142,3
2693,2578,7
2694,1888,4
2695,843,3
2696,146,3
2697,2653,7
2698,1860,0
2699,1508,2
2700,879,3
2701,1265,1
2702,965,6
2703,332,0
2704,925,3
2705,731,3
2706,1630,3
2707,913,0
2708,1712,4
2709,2665,7
2710,557,6
2711,2330,0
2712,266,8
2713,2491,4
2714,1702,0
2715,1189,4
2716,1524,1
2717,2128,3
2718,310,3
2719,1294,4
2720,1246,4
2721,2237,7
2722,626,7
2723,65,1
2724,135,7
2725,896,2
2726,536,8
2727,1148,3
2728,1960,5
2729,608,4
2730,1211,1
2731,267,9
2732,1872,4
2733,2315,6
2734,2458,6
2735,2372,8
2736,2138,5
2737,1716,3
2738,2100,1
2739,2365,4
2740,1691,3
2741,1819,8
2742,2490,0
2743,447,6
2744,719,8
2745,349,1
2746,2337,6
